City,Lat,Lng,Max Temp,Humidity,Cloudiness,Wind Speed,Country,Date
Punta Arenas,-53.15,-70.9167,33.91,60,40,17.72,CL,1622329961
Yellowknife,62.456,-114.3525,55.33,34,100,3.0,CA,1622330069
Panzhihua,26.5851,101.7128,70.52,80,50,4.23,CN,1622330069
Talnakh,69.4865,88.3972,26.15,98,89,2.28,RU,1622330070
Chokurdakh,70.6333,147.9167,58.1,34,6,13.94,RU,1622330070
Hilo,19.7297,-155.09,82.13,70,20,11.5,US,1622330071
Kaitangata,-46.2817,169.8464,49.78,95,100,10.67,NZ,1622330071
Iwamizawa,43.2003,141.7597,58.44,89,100,2.64,JP,1622330072
Mataura,-46.1927,168.8643,49.48,95,100,3.91,NZ,1622330072
Zyryanovsk,49.7386,84.2719,45.7,72,0,3.09,KZ,1622330072
Saint-Philippe,-21.3585,55.7679,69.35,81,15,5.14,RE,1622330073
Busselton,-33.65,115.3333,53.1,84,98,21.0,AU,1622330073
Vila Franca do Campo,37.7167,-25.4333,63.01,87,49,6.53,PT,1622330073
Severo-Kuril'sk,50.6789,156.125,41.56,89,100,9.1,RU,1622330074
Vanavara,60.34,102.2797,36.39,81,63,6.4,RU,1622330055
Abhā,18.2164,42.5053,64.65,68,0,1.03,SA,1622330074
Marawi,7.9986,124.2928,70.65,92,100,0.6,PH,1622329975
Nikolskoye,59.7035,30.7861,49.89,84,4,3.96,RU,1622330074
Tasiilaq,65.6145,-37.6368,39.36,90,100,13.76,GL,1622330075
Ergani,38.2653,39.7621,66.92,50,1,3.91,TR,1622330075
Butaritari,3.0707,172.7902,82.8,78,100,14.41,KI,1622330075
Nong Khai,17.9167,103.0833,82.04,86,78,2.77,TH,1622330076
Rio Grande,-32.035,-52.0986,52.95,60,5,17.18,BR,1622330076
Port Alfred,-33.5906,26.891,57.96,79,86,11.56,ZA,1622330076
Los Llanos de Aridane,28.6585,-17.9182,64.15,90,0,11.72,ES,1622330077
Kanniyākumāri,8.0833,77.5667,79.77,83,95,21.56,IN,1622330077
Carnarvon,-24.8667,113.6333,55.47,100,3,4.61,AU,1622330077
Mar del Plata,-38.0023,-57.5575,45.12,59,40,11.99,AR,1622330078
Kahului,20.8947,-156.47,86.02,57,40,12.66,US,1622330078
Bredasdorp,-34.5322,20.0403,53.28,91,49,2.82,ZA,1622330078
Rikitea,-23.1203,-134.9692,76.86,86,96,20.89,PF,1622330078
Saint Paul Harbor,57.79,-152.4072,47.71,87,90,9.22,US,1622330079
Avarua,-21.2078,-159.775,78.85,61,20,5.75,CK,1622330079
Eenhana,-17.4667,16.3333,56.88,32,0,6.53,NA,1622330079
Guerrero Negro,27.9769,-114.0611,66.52,64,60,22.03,MX,1622330080
Albany,42.6001,-73.9662,52.92,72,100,3.09,US,1622330080
Tual,-5.6667,132.75,81.05,80,89,21.03,ID,1622330080
Poya,-21.35,165.15,71.37,54,70,10.25,NC,1622330080
Lebu,-37.6167,-73.65,49.48,76,50,7.72,CL,1622330081
Cape Town,-33.9258,18.4232,55.11,87,12,3.29,ZA,1622329966
Puerto Ayora,-0.7393,-90.3518,74.55,86,45,8.99,EC,1622330081
Manono,-7.3,27.4167,65.35,41,53,3.56,CD,1622330081
Vaini,-21.2,-175.2,77.16,94,75,2.3,TO,1622330082
Rulenge,-2.7175,30.6325,66.58,77,100,2.66,TZ,1622330082
Cherskiy,68.75,161.3,56.89,35,20,12.5,RU,1622330082
Kathmandu,27.7167,85.3167,64.62,94,20,4.61,NP,1622329886
Nabire,-3.3667,135.4833,78.96,89,100,3.0,ID,1622330083
Omaruru,-21.4333,15.9333,59.59,30,60,4.21,NA,1622329959
Sittwe,20.15,92.9,81.46,85,72,4.65,MM,1622330083
Batangafo,7.3008,18.2833,75.06,72,100,4.45,CF,1622330083
Bubaque,11.2833,-15.8333,79.03,69,6,16.93,GW,1622330084
Tiksi,71.6872,128.8694,33.06,93,81,10.74,RU,1622330084
Praia,14.9215,-23.5087,72.14,78,20,13.8,CV,1622330085
Chui,-33.6971,-53.4616,46.89,62,23,11.12,UY,1622330085
Jining,35.405,116.5814,72.0,1,13,5.06,CN,1622330085
Coquimbo,-29.9533,-71.3436,56.93,88,0,4.23,CL,1622330085
Meulaboh,4.1363,96.1285,76.46,86,100,3.06,ID,1622330086
Hermanus,-34.4187,19.2345,54.9,81,54,5.73,ZA,1622330086
Emerald,-23.5333,148.1667,59.34,50,82,14.32,AU,1622330086
Iqaluit,63.7506,-68.5145,37.99,56,6,14.56,CA,1622330087
Salalah,17.0151,54.0924,82.49,94,75,4.61,OM,1622330079
Cayenne,4.9333,-52.3333,81.09,87,75,1.01,GF,1622330087
Lüderitz,-26.6481,15.1594,59.81,65,28,13.69,NA,1622330087
Pacific Grove,36.6177,-121.9166,79.07,82,90,1.01,US,1622330065
Vila Velha,-20.3297,-40.2925,78.75,81,0,11.01,BR,1622330087
Sisimiut,66.9395,-53.6735,46.62,47,38,11.88,GL,1622330088
Bethel,41.3712,-73.414,49.01,84,90,1.99,US,1622330088
Wawa,9.9022,4.4192,85.05,54,20,6.82,NG,1622330088
Saldanha,-33.0117,17.9442,57.61,84,7,5.61,ZA,1622330089
Cairns,-16.9167,145.7667,74.07,78,90,10.36,AU,1622330007
Jamestown,42.097,-79.2353,53.19,83,90,5.99,US,1622329856
Thompson,55.7435,-97.8558,48.94,87,100,10.4,CA,1622330089
Qaanaaq,77.484,-69.3632,29.59,94,60,6.4,GL,1622330089
Cidreira,-30.1811,-50.2056,59.38,74,9,10.11,BR,1622330090
New Norfolk,-42.7826,147.0587,48.92,68,29,3.13,AU,1622330090
Geraldton,-28.7667,114.6,63.01,72,75,13.67,AU,1622330090
Chicama,-7.8447,-79.1469,63.14,86,67,6.87,PE,1622330091
Barrow,71.2906,-156.7887,28.42,86,90,11.5,US,1622329792
Comodoro Rivadavia,-45.8667,-67.5,44.31,43,7,10.56,AR,1622330091
Titel,45.2061,20.2944,58.91,73,51,8.79,RS,1622330092
Ahipara,-35.1667,173.1667,55.26,84,93,12.3,NZ,1622330092
Kudahuvadhoo,2.6708,72.8944,83.97,71,95,20.71,MV,1622330092
Karratha,-20.7377,116.8463,72.93,79,95,2.53,AU,1622330092
Northam,51.0333,-4.2167,60.39,78,28,5.86,GB,1622330093
Jumla,29.2747,82.1838,57.83,87,100,1.92,NP,1622330093
Hobart,-42.8794,147.3294,49.26,74,75,1.99,AU,1622329872
Gävle,60.6745,17.1417,41.0,73,5,4.27,SE,1622330093
Montrose,38.4166,-108.2673,72.81,12,100,15.48,US,1622330094
Banda Aceh,5.5577,95.3222,76.1,96,100,13.71,ID,1622330094
Coyhaique,-45.5752,-72.0662,40.95,75,75,0.0,CL,1622330094
Smithers,54.7804,-127.1743,66.04,30,84,1.03,CA,1622329923
Beringovskiy,63.05,179.3167,33.85,82,7,10.29,RU,1622330095
Taoudenni,22.6783,-3.9836,100.06,7,41,9.04,ML,1622330095
Upernavik,72.7868,-56.1549,31.42,93,100,17.52,GL,1622330095
Dikson,73.5069,80.5464,17.71,98,56,5.01,RU,1622330095
Chifeng,42.2683,118.9636,59.67,54,100,16.35,CN,1622330064
Shelburne,44.0787,-80.2041,53.67,56,51,8.52,CA,1622330096
Pevek,69.7008,170.3133,42.12,56,0,9.75,RU,1622330096
Lorengau,-2.0226,147.2712,81.81,83,71,10.69,PG,1622330097
Mahina,-17.5065,-149.489,82.17,69,20,14.99,PF,1622330097
Ushuaia,-54.8,-68.3,28.06,93,75,28.77,AR,1622329891
Kavaratti,10.5669,72.642,82.94,75,92,15.99,IN,1622330097
Magadan,59.5667,150.8,36.61,96,100,4.21,RU,1622330098
Roald,62.5833,6.1333,55.9,93,90,4.61,NO,1622330098
Tabuk,17.4189,121.4443,81.32,79,19,2.46,PH,1622330098
Pitimbu,-7.4706,-34.8086,77.59,79,2,11.12,BR,1622330098
Tuatapere,-46.1333,167.6833,49.82,93,100,9.73,NZ,1622330099
Kavieng,-2.5744,150.7967,83.32,79,90,16.64,PG,1622330099
Brainerd,46.358,-94.2008,65.05,34,1,9.22,US,1622330099
Mount Gambier,-37.8333,140.7667,37.31,100,40,5.75,AU,1622330099
Yerofey Pavlovich,53.9667,121.9667,47.82,81,60,3.11,RU,1622330100
Hasaki,35.7333,140.8333,72.28,79,87,12.84,JP,1622330100
Tuktoyaktuk,69.4541,-133.0374,32.4,77,67,7.0,CA,1622330100
Zyryanka,65.75,150.85,56.1,42,1,22.28,RU,1622330101
Chulucanas,-5.0925,-80.1625,80.92,61,84,7.27,PE,1622330101
Hervey Bay,-25.2986,152.8535,68.04,66,99,4.0,AU,1622330102
Auki,-8.7676,160.7034,79.47,84,100,0.92,SB,1622330103
The Valley,18.217,-63.0578,81.1,74,20,10.36,AI,1622330104
Nome,64.5011,-165.4064,53.67,27,1,14.97,US,1622330104
Ban Nahin,18.2418,104.2122,78.03,93,100,0.78,LA,1622330104
Santa Isabel Rio Negro,-0.4139,-65.0192,75.43,97,96,2.91,BR,1622329874
East London,-33.0153,27.9116,59.88,78,65,16.98,ZA,1622330105
Mahébourg,-20.4081,57.7,74.25,94,75,3.44,MU,1622330105
Atuona,-9.8,-139.0333,78.84,72,16,8.86,PF,1622330105
Dodge City,37.7528,-100.0171,74.23,56,1,13.0,US,1622330001
Mayya,61.7333,130.2811,58.32,63,85,8.3,RU,1622330106
Mtwara,-10.2667,40.1833,70.11,90,3,5.93,TZ,1622330106
George Town,5.4112,100.3354,81.9,84,20,4.74,MY,1622329880
Along,28.1667,94.7667,72.39,98,94,1.63,IN,1622330106
Naze,28.3667,129.4833,66.33,89,100,7.58,JP,1622330107
Te Anau,-45.4167,167.7167,46.49,96,100,7.81,NZ,1622330107
Altamont,42.2068,-121.7372,81.39,17,1,5.99,US,1622329819
Hithadhoo,-0.6,73.0833,83.12,73,36,19.15,MV,1622330108
Laas,46.6166,10.7002,46.62,91,10,5.66,IT,1622330108
Abu Samrah,35.3029,37.1841,63.91,78,0,6.8,SY,1622330108
Maralal,1.0968,36.698,58.24,77,97,4.07,KE,1622330108
Uarini,-2.99,-65.1083,84.15,91,36,2.3,BR,1622329873
Ponta do Sol,32.6667,-17.1,68.72,75,44,6.33,PT,1622330109
Yulara,-25.2406,130.9889,48.04,66,99,8.05,AU,1622330109
Portland,45.5234,-122.6762,83.32,35,20,4.0,US,1622329842
Lucea,18.451,-78.1736,84.85,72,14,1.3,JM,1622330109
Jadu,31.953,12.0261,66.79,61,19,1.68,LY,1622330110
Constitución,-35.3333,-72.4167,52.83,79,89,9.66,CL,1622330110
Shalya,57.2471,58.7298,54.9,81,92,1.28,RU,1622330110
Praia,14.9215,-23.5087,72.14,78,20,13.8,CV,1622330111
Nishihara,26.1842,127.7558,71.26,91,90,19.04,JP,1622330111
La Ronge,55.1001,-105.2842,43.05,81,90,11.5,CA,1622330111
Kolpashevo,58.3131,82.9089,38.93,64,25,5.57,RU,1622330047
San Luis,-33.295,-66.3356,51.51,51,85,3.24,AR,1622329884
Koslan,63.4564,48.8989,34.63,73,27,11.07,RU,1622330112
Tapah,4.2004,101.2598,75.67,85,92,3.11,MY,1622330112
Kapaa,22.0752,-159.319,82.11,66,20,1.99,US,1622330112
Ternate,0.8,127.4,81.84,80,100,7.81,ID,1622330113
Jelgava,56.65,23.7128,46.44,72,9,6.58,LV,1622330113
Myitkyina,25.3833,97.4,74.32,98,81,1.92,MM,1622330113
Olafsvik,64.8945,-23.7142,44.62,92,100,32.79,IS,1622330114
Hay River,60.8156,-115.7999,62.58,42,75,6.91,CA,1622330114
Paamiut,61.994,-49.6678,33.96,100,100,8.14,GL,1622330114
Bandarbeyla,9.4942,50.8122,79.3,81,64,23.96,SO,1622330114
Cockburn Town,21.4612,-71.1419,79.9,77,7,16.06,TC,1622330115
Yerbogachën,61.2767,108.0108,42.66,67,65,8.84,RU,1622330064
Esperance,-33.8667,121.9,62.17,86,89,12.8,AU,1622330115
Fortuna,40.5982,-124.1573,81.19,87,90,12.66,US,1622329876
Bilibino,68.0546,166.4372,52.3,40,94,2.15,RU,1622330116
‘Āhuimanu,21.4447,-157.8378,83.91,62,20,12.66,US,1622330116
Afuá,-0.1567,-50.3867,75.56,93,21,3.71,BR,1622330116
Makakilo City,21.3469,-158.0858,82.72,58,1,11.5,US,1622330116
Grindavik,63.8424,-22.4338,45.07,100,90,37.24,IS,1622330117
Codrington,-38.2667,141.9667,42.78,89,8,7.07,AU,1622330117
Khatanga,71.9667,102.5,42.24,72,93,7.25,RU,1622330117
Fier,40.7239,19.5561,60.4,81,44,2.13,AL,1622330118
Caravelas,-17.7125,-39.2481,75.74,84,72,7.09,BR,1622330118
Richards Bay,-28.783,32.0377,63.25,87,10,4.12,ZA,1622330118
Muisne,0.6,-80.0333,77.36,85,69,7.74,EC,1622330118
Bluff,-46.6,168.3333,49.8,88,100,22.82,NZ,1622330119
Ketchikan,55.3422,-131.6461,55.38,60,100,7.05,US,1622330119
Sillamäe,59.3997,27.7547,45.01,79,6,8.93,EE,1622330119
Grand Gaube,-20.0064,57.6608,74.37,90,27,3.0,MU,1622330120
Rocha,-34.4833,-54.3333,44.73,66,6,10.67,UY,1622330120
Mīzan Teferī,6.9833,35.5833,60.51,89,38,3.6,ET,1622330120
Nouakchott,18.0858,-15.9785,69.73,76,58,19.22,MR,1622330121
Katsuura,35.1333,140.3,73.11,76,99,2.35,JP,1622330121
Doba,8.65,16.85,83.3,44,53,4.32,TD,1622330121
Flinders,-34.5833,150.8552,56.21,69,95,5.99,AU,1622330122
San Rafael,-34.6177,-68.3301,49.95,55,76,8.5,AR,1622330056
Ribeira Grande,38.5167,-28.7,64.04,80,41,5.21,PT,1622330122
Ancud,-41.8697,-73.8203,48.42,81,95,4.97,CL,1622330122
Lompoc,34.6391,-120.4579,73.56,73,90,16.11,US,1622330123
Lebedinyy,58.5167,125.5167,55.72,44,56,4.72,RU,1622330123
Câmara de Lobos,32.6333,-16.9667,68.13,86,40,9.26,PT,1622330123
Bengkulu,-3.8004,102.2655,74.84,87,96,4.56,ID,1622330124
Iquitos,-3.7481,-73.2472,86.04,70,20,2.3,PE,1622330089
Puli,23.9664,120.9695,76.23,88,100,3.51,TW,1622330124
Bairiki Village,1.3292,172.9752,86.0,74,75,15.14,KI,1622330124
Arrecife,28.963,-13.5477,68.07,77,0,13.8,ES,1622330125
Pallasovka,50.05,46.8833,63.34,90,65,7.23,RU,1622330125
Clyde River,70.4692,-68.5914,30.43,86,1,3.44,CA,1622330125
Honiara,-9.4333,159.95,80.2,83,88,0.69,SB,1622330126
Forsytheganj,52.6333,29.7333,51.24,95,100,7.87,BY,1622330126
Ostrovnoy,68.0531,39.5131,35.08,81,100,13.42,RU,1622330127
Xining,36.6167,101.7667,52.68,61,68,2.53,CN,1622330127
Kamenka,51.3223,42.7678,59.68,94,80,4.38,RU,1622330128
Hong Kong,22.2855,114.1577,86.97,89,97,1.01,HK,1622329850
Leningradskiy,69.3833,178.4167,35.98,95,57,6.44,RU,1622330128
Norman Wells,65.282,-126.8329,41.04,70,75,10.36,CA,1622330129
Castro,-24.7911,-50.0119,65.91,76,63,5.19,BR,1622330129
Saint George,37.1041,-113.5841,93.67,10,1,4.0,US,1622330032
Blagoyevo,63.3667,47.9167,34.29,76,27,9.78,RU,1622330129
Iralaya,15.0,-83.2333,84.29,74,10,8.61,HN,1622330129
Necochea,-38.5473,-58.7368,43.03,57,56,16.98,AR,1622330130
Zhigansk,66.7697,123.3711,54.23,39,1,9.28,RU,1622330130
Faanui,-16.4833,-151.75,80.15,67,19,8.14,PF,1622330131
Yoro,15.1333,-87.1333,82.92,69,75,4.61,HN,1622330131
Giyani,-23.3025,30.7187,60.66,59,12,2.01,ZA,1622330131
Balaka,-14.9793,34.9558,59.79,57,0,3.76,MW,1622330131
Red Wing,44.5625,-92.5338,65.55,34,1,4.0,US,1622329844
Mana,5.6592,-53.7767,77.32,91,99,9.1,GF,1622330132
Virginia Beach,36.8529,-75.978,62.65,91,90,16.11,US,1622330132
Bambous Virieux,-20.3428,57.7575,74.21,94,75,6.82,MU,1622330133
Port Hardy,50.6996,-127.4199,62.78,51,75,4.61,CA,1622330133
Birjand,32.8663,59.2211,64.87,22,0,4.61,IR,1622330133
Quang Ngai,15.1167,108.8,80.47,75,74,4.41,VN,1622330133
Noumea,-22.2763,166.4572,73.99,99,87,11.72,NC,1622330134
Asău,46.4333,26.4,54.39,99,87,1.97,RO,1622330134
Samfya,-11.3649,29.5565,55.69,56,3,5.91,ZM,1622330134
San Patricio,28.017,-97.5169,84.92,69,55,9.71,US,1622330135
Lagoa,39.05,-27.9833,63.07,82,60,6.62,PT,1622330135
Nosy Varika,-20.5833,48.5333,68.31,91,14,5.23,MG,1622330011
Montijo,38.7067,-8.9739,62.33,78,0,8.05,PT,1622330135
Bosaso,11.2842,49.1816,87.75,52,32,1.41,SO,1622330136
Resistencia,-27.4606,-58.9839,64.06,58,0,8.05,AR,1622329885
Kasongo-Lunda,-6.4667,16.8167,71.28,57,73,2.19,CD,1622330136
Doka,13.5167,35.7667,90.05,24,38,5.53,SD,1622330136
Tolga,34.7222,5.3785,85.01,38,90,15.88,DZ,1622330137
Narsaq,60.9167,-46.05,44.82,86,100,4.59,GL,1622330137
Baisha,26.5222,110.9311,69.26,96,97,1.25,CN,1622330137
Koson,39.0375,65.585,75.52,29,0,5.41,UZ,1622330124
Hamilton,39.1834,-84.5333,58.57,75,90,1.01,US,1622330061
College,64.8569,-147.8028,53.92,41,75,1.01,US,1622330138
Ipixuna,-1.7625,-48.8043,76.95,86,89,3.0,BR,1622330138
Cam Ranh,11.9214,109.1591,80.56,83,20,3.89,VN,1622330138
Airai,-8.9266,125.4092,59.77,80,45,1.57,TL,1622330139
Hofn,64.2539,-15.2082,45.48,89,100,14.67,IS,1622330139
Elmadağ,39.9208,33.2308,53.35,77,58,4.83,TR,1622330139
Rome,43.2128,-75.4557,58.86,60,1,10.36,US,1622330140
Puerto Varas,-41.3195,-72.9854,46.62,100,90,2.95,CL,1622330140
Karoi,-16.8099,29.6925,54.12,41,0,1.72,ZW,1622330058
Anadyr,64.75,177.4833,48.7,37,0,3.38,RU,1622330140
Maragogi,-9.0122,-35.2225,75.36,83,18,7.27,BR,1622330141
Santa Cruz de Tenerife,28.4682,-16.2546,68.88,90,75,8.01,ES,1622330141
Tondano,1.3038,124.9112,69.89,91,92,0.81,ID,1622330141
Ayna,-12.65,-73.9167,60.71,81,76,1.95,PE,1622330142
Adrar,20.5022,-10.0711,93.61,12,90,11.14,MR,1622330142
Kilindoni,-7.9139,39.6668,77.86,75,12,9.69,TZ,1622329930
Tigil',57.8,158.6667,47.98,56,84,6.49,RU,1622330142
Half Moon Bay,37.4636,-122.4286,77.81,75,75,10.36,US,1622330143
Philadelphia,39.9523,-75.1638,52.0,87,90,3.0,US,1622329967
Jalu,29.0331,21.5482,86.9,21,6,7.9,LY,1622330143
Namatanai,-3.6667,152.4333,82.42,76,88,6.29,PG,1622330143
Arman',59.7,150.1667,37.58,96,100,2.1,RU,1622330144
Severnyy,50.677,36.5532,62.64,94,75,2.24,RU,1622330144
Dickson,36.077,-87.3878,56.21,86,90,1.99,US,1622330123
Nemuro,43.3236,145.575,47.48,98,98,11.16,JP,1622330030
Aklavik,68.2191,-135.0107,34.63,69,90,11.5,CA,1622330144
Caucayá,-0.1934,-74.7819,75.69,92,22,2.48,CO,1622330145
Svay Rieng,11.0879,105.7993,79.36,89,19,4.61,KH,1622330145
Esso,55.9333,158.7,39.83,87,100,2.68,RU,1622330145
Balikpapan,-1.2675,116.8289,79.79,94,20,6.91,ID,1622330146
North Bend,43.4065,-124.2243,73.98,71,1,18.41,US,1622330146
Chissamba,-12.1667,17.3333,55.53,44,5,2.48,AO,1622330146
Ponta Delgada,37.7333,-25.6667,63.32,82,40,5.75,PT,1622330146
Kiryat Gat,31.61,34.7642,69.4,86,0,0.43,IL,1622329982
Beatrice,40.2681,-96.747,66.74,56,40,3.0,US,1622330147
Alta Floresta,-9.8756,-56.0861,73.71,68,3,4.25,BR,1622330147
Hualmay,-11.0964,-77.6139,65.08,88,55,7.63,PE,1622330147
Tiznit Province,29.5833,-9.5,81.3,30,100,2.04,MA,1622330148
Ruska Poliana,49.417,31.9201,52.52,95,19,7.76,UA,1622330148
Kiama,-34.6833,150.8667,55.58,67,98,7.0,AU,1622330148
Ballyshannon,54.5,-8.1833,52.38,88,38,4.23,IE,1622330149
Kuril'sk,45.2333,147.8833,47.44,91,73,3.09,RU,1622330149
Alyangula,-13.8483,136.4192,76.95,62,45,13.56,AU,1622330149
Merritt,50.1123,-120.7942,72.43,19,34,3.67,CA,1622330150
Amarante do Maranhão,-5.5667,-46.7422,76.3,64,21,1.59,BR,1622330150
Corinth,37.9407,22.9573,72.75,71,24,1.63,GR,1622330147
Venustiano Carranza,19.43,-99.0992,82.38,20,40,8.99,MX,1622330150
Saskylakh,71.9167,114.0833,34.59,89,82,8.7,RU,1622330150
Luganville,-15.5333,167.1667,77.02,68,100,5.84,VU,1622330151
Khani,41.9563,42.9566,51.37,96,100,0.78,GE,1622330151
Aberdeen,57.1437,-2.0981,54.5,95,8,1.14,GB,1622330151
Kirakira,-10.4544,161.9205,77.65,90,100,5.26,SB,1622330152
Doha,25.2867,51.5333,91.38,25,0,2.3,QA,1622329998
Palmer,42.1584,-72.3287,48.61,77,90,3.0,US,1622330152
Lavras,-21.2453,-44.9997,64.44,80,100,2.04,BR,1622330152
Klaksvík,62.2266,-6.589,45.52,84,37,10.6,FO,1622330153
Vardø,70.3705,31.1107,39.63,85,83,11.7,NO,1622329860
Dingle,10.9995,122.6711,81.07,83,93,2.19,PH,1622330153
Hobyo,5.3505,48.5268,78.42,83,85,20.49,SO,1622330153
Lata,40.1629,-8.3327,60.04,97,5,1.83,PT,1622330154
Sitka,57.0531,-135.33,57.09,54,75,13.8,US,1622330125
Estación Coahuila,32.1939,-115.0017,101.61,17,0,17.58,MX,1622330154
Eydhafushi,5.1033,73.0708,83.64,72,98,20.51,MV,1622330154
Puerto Santander,8.3636,-72.4063,78.01,85,76,2.08,CO,1622330155
Ittiri,40.5929,8.5684,54.5,71,20,2.24,IT,1622330155
Mabaruma,8.2,-59.7833,74.48,98,98,3.31,GY,1622330155
Vestmanna,62.1564,-7.1664,43.72,100,90,8.48,FO,1622330155
Monchegorsk,67.9397,32.8739,37.04,93,87,4.68,RU,1622330156
Puerto Madryn,-42.7692,-65.0385,44.56,45,5,9.1,AR,1622329878
Urdoma,61.7533,48.5442,34.57,81,32,8.01,RU,1622330156
Yar-Sale,66.8333,70.8333,42.31,74,49,6.71,RU,1622330156
Sept-Îles,50.2001,-66.3821,48.06,63,5,5.57,CA,1622330082
Maniitsoq,65.4167,-52.9,39.25,75,1,19.08,GL,1622330157
Manokwari,-0.8667,134.0833,82.24,76,99,2.93,ID,1622330157
Cabo San Lucas,22.8909,-109.9124,102.51,13,1,11.5,MX,1622330157
Mehamn,71.0357,27.8492,40.53,92,100,22.68,NO,1622330158
Bodden Town,19.2833,-81.25,87.01,56,20,1.01,KY,1622330158
Hyères,43.1167,6.1167,69.33,88,92,2.3,FR,1622329925
Deputatsky,69.3,139.9,49.3,44,26,21.23,RU,1622330158
Hornepayne,49.2138,-84.7705,65.88,28,7,8.97,CA,1622330159
Grand Bank,47.0999,-55.765,42.8,79,100,11.07,CA,1622330159
Meadville,41.6414,-80.1515,52.18,81,90,12.66,US,1622330159
Caxito,-8.5785,13.6643,75.85,97,53,1.81,AO,1622330160
Ambon City,-3.6954,128.1814,77.14,94,40,6.64,ID,1622330160
General Pico,-35.6566,-63.7568,49.41,41,87,6.82,AR,1622330160
Sola,-13.8833,167.55,78.15,74,100,10.8,VU,1622330160
Turukhansk,65.8167,87.9833,30.27,74,6,2.73,RU,1622329990
Lufilufi,-13.8745,-171.5986,89.38,78,44,12.77,WS,1622330161
Suleja,9.1758,7.1808,79.79,75,99,3.09,NG,1622330161
Kermanshah,34.3142,47.065,63.5,17,0,4.61,IR,1622330161
Hidrolândia,-4.4081,-40.4378,80.64,61,90,2.53,BR,1622329872
Antalaha,-14.9003,50.2788,72.7,79,45,5.68,MG,1622330162
Le Moule,16.3332,-61.3473,80.64,67,52,13.15,GP,1622330162
Le Port,-20.9373,55.2919,69.76,72,0,3.94,RE,1622330162
Provideniya,64.3833,-173.3,46.45,44,3,8.21,RU,1622330163
Cabinda,-5.55,12.2,76.68,91,59,5.55,AO,1622329927
Cinisi,38.1562,13.1073,69.1,69,0,4.61,IT,1622330163
Astorga,-23.2325,-51.6656,75.6,46,94,1.07,BR,1622330163
Dunedin,-45.8742,170.5036,50.81,96,100,11.63,NZ,1622330164
Sorong,-0.8833,131.25,80.35,88,100,13.06,ID,1622330164
Khovd,48.0056,91.6419,45.37,55,51,7.07,MN,1622330164
Baykit,61.67,96.37,37.35,92,99,7.81,RU,1622329923
Longyearbyen,78.2186,15.6401,33.64,69,75,3.44,SJ,1622330165
Soubre,5.7856,-6.6083,75.61,93,72,2.77,CI,1622330165
Kyren,51.6828,102.1408,39.27,96,100,4.7,RU,1622330165
Wanxian,30.8039,108.3897,70.68,87,96,1.1,CN,1622330166
São Filipe,14.8961,-24.4956,73.78,76,18,13.38,CV,1622330166
Pangnirtung,66.1451,-65.7125,28.62,89,15,3.6,CA,1622330166
Bahía Solano,6.2262,-77.4044,77.74,86,87,6.49,CO,1622330167
Itoman,26.1247,127.6694,72.37,90,75,9.22,JP,1622330167
Beaverlodge,55.2166,-119.4361,65.55,37,29,12.08,CA,1622330167
Isangel,-19.55,169.2667,78.91,53,75,3.67,VU,1622330167
Hambantota,6.1241,81.1185,79.72,81,90,19.46,LK,1622330168
Gushikawa,26.3544,127.8686,71.6,90,75,18.32,JP,1622330168
Alice Springs,-23.7,133.8833,47.75,61,20,5.21,AU,1622330168
Pecos,31.4229,-103.4932,91.49,33,1,20.71,US,1622330169
Souillac,-20.5167,57.5167,74.35,94,75,6.96,MU,1622330169
Neenah,44.1858,-88.4626,66.43,35,1,5.75,US,1622330166
Sinnamary,5.3833,-52.95,78.08,88,84,9.95,GF,1622330169
Port Augusta,-32.5,137.7667,46.71,47,0,3.2,AU,1622330169
Salinas,36.6777,-121.6555,79.48,70,90,14.97,US,1622330163
Kambove,-10.8764,26.5969,51.89,53,8,3.44,CD,1622330170
Hutchinson,38.0608,-97.9298,70.03,49,1,3.0,US,1622329937
Husavik,66.0449,-17.3389,49.91,58,100,13.96,IS,1622330170
Red Bluff,40.1785,-122.2358,100.85,12,1,9.22,US,1622330171
Huambo,-12.7761,15.7392,53.1,46,13,1.88,AO,1622330150
Torbay,47.6666,-52.7314,43.29,82,75,8.05,CA,1622330171
Sunel,24.3667,75.9667,89.02,49,97,17.96,IN,1622330171
Bayjī,34.9311,43.487,83.21,18,0,8.66,IQ,1622330172
Pomabamba,-8.8333,-77.4667,56.21,66,25,2.77,PE,1622330172
Camacha,33.0833,-16.3333,63.82,72,75,13.8,PT,1622330172
Sobreira,41.5237,-7.8023,61.95,89,11,2.55,PT,1622330173
Beitbridge,-22.2167,30.0,60.96,31,4,1.3,ZW,1622330047
Saint-Pierre,-21.3393,55.4781,69.44,65,0,8.05,RE,1622330173
Manicoré,-5.8092,-61.3003,81.68,66,91,1.97,BR,1622330173
Stillwater,36.1156,-97.0584,74.77,56,1,11.5,US,1622329919
Chhatarpur,24.9,79.6,81.9,65,16,3.74,IN,1622330174
Karatau,43.1667,70.4667,72.77,34,65,3.78,KZ,1622330174
Gujan-Mestras,44.6333,-1.0667,63.07,94,0,3.56,FR,1622330174
Hastings,50.8552,0.5729,53.91,80,1,12.86,GB,1622330174
Kostomuksha,64.571,30.5767,34.14,65,19,3.24,RU,1622330175
Kandrian,-6.2167,149.55,81.48,81,78,12.8,PG,1622330175
Huaiyuan,32.973,117.1995,75.11,72,69,8.99,CN,1622330175
Pokhara,28.2333,83.9833,71.13,70,72,3.69,NP,1622330101
Tarakan,3.3,117.6333,80.1,94,40,2.3,ID,1622330176
Xinqing,48.2333,129.5,56.12,80,87,2.89,CN,1622330176
Séguéla,7.9611,-6.6731,75.61,83,100,5.53,CI,1622330176
Elizabeth City,36.2946,-76.2511,66.22,90,90,3.0,US,1622329962
Kasongo,-4.45,26.6667,70.79,70,70,1.68,CD,1622330177
Porto Santo,33.072,-16.3415,66.58,72,75,13.8,PT,1622330177
Biak,-0.9131,122.8766,77.54,82,84,5.82,ID,1622330177
El Vigia,8.6219,-71.6506,79.5,85,99,1.36,VE,1622330046
Beisfjord,68.3751,17.5988,45.25,90,88,3.85,NO,1622330178
Mitú,1.1983,-70.1733,74.21,96,73,1.12,CO,1622330166
Carutapera,-1.195,-46.02,76.24,93,43,6.64,BR,1622330019
Bemidji,47.4736,-94.8803,64.15,36,1,12.66,US,1622330178
Puerto Madero,14.7208,-92.4215,88.0,66,75,6.91,MX,1622330178
Pangkalanbuun,-2.6833,111.6167,72.88,97,46,0.94,ID,1622330179
Atambua,-9.1061,124.8925,72.52,78,36,3.51,ID,1622330179
Arraial do Cabo,-22.9661,-42.0278,74.64,81,78,8.21,BR,1622329894
Fortuna Foothills,32.6578,-114.4119,100.54,12,1,1.01,US,1622330179
Liverpool,53.4106,-2.9779,59.29,79,0,4.38,GB,1622330180
Rørvik,64.8621,11.2373,47.08,85,10,6.2,NO,1622330180
Warwick,41.7001,-71.4162,48.65,92,90,14.97,US,1622330128
Aracati,-4.5617,-37.7697,81.01,77,50,10.89,BR,1622330180
Mingguang,32.7802,117.9638,75.61,72,68,5.57,CN,1622330181
Tautira,-17.7333,-149.15,82.42,71,100,14.27,PF,1622330181
Kangaba,11.9333,-8.4167,89.82,36,78,2.95,ML,1622330181
Ino,33.55,133.4333,69.33,47,68,1.16,JP,1622330182
Boa Vista,2.8197,-60.6733,78.78,83,90,6.91,BR,1622330182
Porbandar,21.6422,69.6093,83.19,75,100,12.03,IN,1622330182
Mbandaka,0.0487,18.2603,71.42,95,94,3.44,CD,1622330182
Zonguldak,41.25,31.8333,54.64,97,100,3.18,TR,1622330183
Cabra,37.4725,-4.4421,72.18,53,54,5.3,ES,1622330174
Kununurra,-15.7667,128.7333,67.98,60,95,0.0,AU,1622330183
Morehead,37.2711,-87.1764,56.91,78,90,3.44,US,1622330183
Luga,58.7372,29.8453,37.51,75,0,4.81,RU,1622330184
Flin Flon,54.7682,-101.865,49.84,76,90,14.7,CA,1622330184
Qasigiannguit,68.8193,-51.1922,55.65,42,49,13.4,GL,1622330184
Vestmannaeyjar,63.4427,-20.2734,45.73,86,100,37.18,IS,1622330185
Kenai,60.5544,-151.2583,48.02,97,90,10.36,US,1622330185
Samarai,-10.6167,150.6667,78.62,78,97,13.18,PG,1622330185
Dhidhdhoo,6.8833,73.1,83.08,71,13,19.93,MV,1622330185
Tecpan,14.7623,-90.9947,65.52,81,94,2.75,GT,1622330186
Lixouri,38.2019,20.4314,64.81,80,88,6.15,GR,1622330186
Santiago del Estero,-27.7951,-64.2615,60.39,39,0,5.88,AR,1622330186
Isfahan,32.6572,51.6776,67.64,15,2,8.43,IR,1622330187
Kashgar,39.4547,75.9797,74.41,18,40,7.14,CN,1622330187
Denison,33.7557,-96.5367,78.66,61,1,7.05,US,1622330187
Springdale,36.1867,-94.1288,64.47,68,40,11.5,US,1622329899
Xai-Xai,-25.0519,33.6442,66.4,88,3,2.04,MZ,1622330188
Aranos,-24.1333,19.1167,56.14,39,4,9.78,NA,1622330188
Enid,36.3956,-97.8784,71.76,56,1,5.01,US,1622330188
Balkanabat,39.5108,54.3671,88.43,24,0,6.49,TM,1622330189
Vanimo,-2.6741,141.3028,80.37,87,100,3.13,PG,1622330189
Port Elizabeth,-33.918,25.5701,55.09,87,68,7.23,ZA,1622329922
Korla,41.7597,86.1469,71.58,40,85,18.1,CN,1622330189
Bilma,18.6853,12.9164,90.28,8,40,6.2,NE,1622330190
Kaeo,-35.1,173.7833,57.33,85,89,9.44,NZ,1622330190
Gizo Government Station,-8.103,156.8419,80.74,80,99,6.06,SB,1622330190
Redcliffe,-27.2307,153.0973,64.09,59,75,10.31,AU,1622330191
Isla Mujeres,21.2311,-86.731,84.25,70,41,9.48,MX,1622330192
Ardeşen,41.1911,40.9875,64.36,87,95,7.29,TR,1622330192
Atherton,53.5237,-2.4935,58.89,83,9,4.16,GB,1622330192
Petropavlovskoye,52.0712,84.107,46.51,75,5,3.91,RU,1622330192
Rafai,4.95,23.9167,68.81,94,93,3.18,CF,1622330193
São João da Barra,-21.6403,-41.0511,76.96,84,39,11.18,BR,1622329994
Assiut,27.181,31.1837,81.81,25,63,6.69,EG,1622330193
Nyurba,63.2842,118.3319,61.18,44,26,5.57,RU,1622330193
Haines Junction,60.7522,-137.5108,51.75,43,98,10.36,CA,1622330194
San Juan de Arama,3.3464,-73.8894,74.03,95,66,2.57,CO,1622330194
Najrān,17.4924,44.1277,79.45,18,15,5.06,SA,1622330194
Gbarnga,6.9956,-9.4722,74.64,96,100,1.66,LR,1622330195
Port Lincoln,-34.7333,135.8667,53.87,66,5,9.62,AU,1622330195
Gilgit,35.9221,74.3087,69.62,60,69,1.03,PK,1622330195
Sørland,67.667,12.6934,43.95,76,100,8.28,NO,1622330196
Cortez,37.3489,-108.5859,82.51,8,1,9.22,US,1622330196
Kailua,21.4022,-157.7394,84.18,66,20,12.66,US,1622330196
Iquique,-20.2208,-70.1431,62.64,85,81,4.21,CL,1622329934
Tulsīpur,28.131,82.2973,73.33,77,87,3.91,NP,1622330196
Kamaishi,39.2667,141.8833,63.55,66,28,6.53,JP,1622329990
Kuopio,62.8924,27.677,40.95,60,0,5.03,FI,1622330197
Bukachacha,52.9833,116.9167,48.72,95,100,0.31,RU,1622330197
Buala,-8.145,159.5921,79.32,85,94,3.0,SB,1622330198
Esim,4.8699,-2.2405,79.97,86,76,7.72,GH,1622330198
Rodolfo Sánchez Taboada,31.7167,-116.5667,67.19,70,11,4.0,MX,1622330198
Dinguiraye,11.3,-10.7167,80.42,63,99,2.86,GN,1622330198
Beloha,-25.1667,45.05,63.3,81,0,5.53,MG,1622330199
Garoowe,8.4054,48.4845,77.05,74,16,17.85,SO,1622330199
Tutóia,-2.7619,-42.2744,81.0,77,93,6.46,BR,1622330199
Kruisfontein,-34.0033,24.7314,52.88,91,43,9.15,ZA,1622330200
Eyl,7.9803,49.8164,78.96,80,44,18.75,SO,1622330200
Tsimmerbude,54.675,20.1347,51.85,81,53,8.52,RU,1622330200
Nsanje,-16.92,35.262,63.09,48,0,1.9,MW,1622330201
Galesong,-5.3166,119.3661,73.42,76,66,4.63,ID,1622330201
Teya,60.3778,92.6267,36.25,79,98,5.95,RU,1622330201
Kissidougou,9.1848,-10.0999,73.94,84,74,2.33,GN,1622330180
Gurupi,-11.7292,-49.0686,77.02,38,40,3.33,BR,1622330202
Nānākuli,21.3906,-158.1547,84.15,58,1,5.61,US,1622330202
Malbork,54.0359,19.0266,46.06,95,5,6.93,PL,1622330202
Kloulklubed,7.0419,134.2556,81.1,87,100,19.01,PW,1622330202
Alofi,-19.0595,-169.9187,82.29,78,45,8.05,NU,1622330203
Bonavista,48.6499,-53.1147,42.12,87,44,8.16,CA,1622330203
Marsá Maţrūḩ,31.3525,27.2453,69.91,75,0,8.77,EG,1622330203
Port Hedland,-20.3167,118.5667,71.65,53,94,5.75,AU,1622330204
Tayga,56.06,85.6197,38.34,67,29,3.04,RU,1622330204
Porto Walter,-8.2686,-72.7439,79.14,66,21,2.57,BR,1622330204
Rovaniemi,66.5,25.7167,40.41,75,0,8.05,FI,1622330204
Yaan,7.3833,8.5667,79.93,75,58,7.7,NG,1622330205
Papara,-3.9839,-38.7273,79.2,92,12,2.84,BR,1622330205
Todos Santos,23.45,-110.2167,102.0,51,100,7.61,MX,1622330205
Sampit,-2.5333,112.95,73.72,98,58,1.59,ID,1622330206
Sambava,-14.2667,50.1667,71.94,87,20,7.87,MG,1622330206
Arrondissement de Niort,46.3333,-0.3333,61.68,66,76,1.01,FR,1622330206
Umluj,25.0213,37.2685,82.9,68,100,11.95,SA,1622330207
Luebo,-5.35,21.4167,77.92,55,92,1.97,CD,1622330207
Innisfail,-17.5333,146.0333,69.15,81,66,6.29,AU,1622330207
Touros,-5.1989,-35.4608,77.9,82,7,13.09,BR,1622330207
Bonthe,7.5264,-12.505,81.03,84,16,5.37,SL,1622330208
Port Macquarie,-31.4333,152.9167,60.89,82,92,13.65,AU,1622330208
Okhotsk,59.3833,143.3,37.85,87,99,9.64,RU,1622330208
Villa María,-32.4075,-63.2402,45.82,56,16,3.02,AR,1622330209
Dobson,36.3957,-80.7226,62.82,92,40,7.78,US,1622330209
Etchoropo,26.7667,-109.6667,97.41,49,42,15.82,MX,1622330209
Tucuruí,-3.7661,-49.6725,79.9,69,56,3.89,BR,1622330210
Río Gallegos,-51.6226,-69.2181,35.65,69,75,17.27,AR,1622330210
Price,39.5994,-110.8107,80.73,17,1,8.05,US,1622330018
Broken Hill,-31.95,141.4333,44.31,57,17,5.75,AU,1622330210
Saint-Joseph,-21.3667,55.6167,68.36,80,7,5.88,RE,1622330211
San Policarpo,12.1791,125.5072,80.26,87,89,5.12,PH,1622330211
Ormara,25.2088,64.6357,84.29,83,63,14.72,PK,1622330016
Kenitra,34.261,-6.5802,65.16,85,100,7.23,MA,1622330045
Bambanglipuro,-7.95,110.2833,59.61,90,100,3.98,ID,1622330211
Maïné Soroa,13.2114,12.0241,84.94,25,73,6.22,NE,1622330212
Nantucket,41.2835,-70.0995,48.34,93,90,21.85,US,1622330212
Mange,8.9167,-12.85,76.19,93,83,1.43,SL,1622330212
Great Falls,47.5002,-111.3008,67.93,22,1,1.01,US,1622330213
Palmerston,-12.486,130.9833,75.18,64,0,9.17,AU,1622330213
Batagay,67.6333,134.6333,52.74,49,77,8.12,RU,1622330213
Komarikhinskiy,58.0979,57.1163,59.99,99,100,2.51,RU,1622330214
Atasū,48.6814,71.6433,64.04,23,71,10.27,KZ,1622330214
Čajniče,43.5575,19.0711,49.46,93,96,1.95,BA,1622330214
Ilo,-17.6394,-71.3375,64.76,90,100,4.83,PE,1622330215
Ugoofaaru,5.6667,73.0,83.46,71,80,20.18,MV,1622330215
Zhurivka,50.5028,31.7849,55.38,92,48,9.06,UA,1622330215
Pingliang,35.5392,106.6861,68.2,40,0,5.35,CN,1622330216
Tevriz,57.509,72.4042,55.18,83,30,6.04,RU,1622330216
Nagapattinam,10.7667,79.8333,82.99,78,38,9.01,IN,1622330216
Ayagoz,47.9714,80.4392,46.96,60,0,10.33,KZ,1622330217
Ozernovskiy,51.5,156.5167,42.37,82,85,3.56,RU,1622330217
San Antonio,29.4241,-98.4936,87.06,57,20,5.75,US,1622329923
Mossamedes,-15.1961,12.1522,72.68,66,0,3.44,AO,1622330217
Ilulissat,69.2167,-51.1,55.42,24,32,16.11,GL,1622330218
Navalmoral de la Mata,39.8916,-5.5406,70.66,49,38,0.65,ES,1622330190
Henties Bay,-22.116,14.2845,57.85,85,43,6.15,NA,1622330218
Bari,41.1177,16.8512,68.25,65,0,2.3,IT,1622330110
Port Blair,11.6667,92.75,80.83,83,96,4.85,IN,1622330123
Broome,42.2506,-75.833,51.37,81,90,1.99,US,1622330050
Tilichiki,60.4667,166.1,43.09,72,100,5.41,RU,1622330219
Jobabo,20.9692,-76.2994,71.62,79,80,10.27,CU,1622330219
Ayan,56.45,138.1667,37.04,95,92,12.71,RU,1622330219
Kem',64.9555,34.5793,34.68,72,26,7.43,RU,1622330219
Ilmajoki,62.7333,22.5667,39.22,68,0,1.54,FI,1622330220
Mosquera,4.7059,-74.2302,55.98,93,99,1.03,CO,1622330220
Buy,58.4786,41.53,40.08,78,100,11.9,RU,1622330220
Havøysund,70.9963,24.6622,40.08,89,100,26.17,NO,1622330221
Shimanovsk,52.0,127.7,48.81,97,97,4.74,RU,1622329944
Svetlaya,46.5389,138.3297,43.25,95,100,18.43,RU,1622330221
Kampot,10.6167,104.1833,78.85,87,36,4.21,KH,1622330139
Udangudi,8.4333,78.0167,81.19,72,83,7.54,IN,1622330221
Erenhot,43.6475,111.9767,53.67,58,0,9.04,CN,1622330222
Fukuechō,32.6881,128.8419,68.36,83,0,6.91,JP,1622330222
Tabou,4.423,-7.3528,80.55,85,87,7.72,CI,1622330222
Nanortalik,60.1432,-45.2371,36.59,88,100,5.93,GL,1622330223
Kieta,-6.2167,155.6333,77.99,88,93,0.63,PG,1622330223
São João do Piauí,-8.3581,-42.2467,75.43,31,23,5.37,BR,1622330223
Srednekolymsk,67.45,153.6833,58.03,34,13,14.81,RU,1622330223
Morant Bay,17.8815,-76.4093,83.82,78,12,7.74,JM,1622330224
Hulan,45.9833,126.6,62.71,45,48,6.6,CN,1622330224
Monrovia,6.3005,-10.7969,76.77,83,99,8.72,LR,1622330197
Potamiá,40.7163,24.7286,67.42,71,3,0.49,GR,1622330224
